signifier,yes_count,no_count,prevalence_per_10k,earliest_obs_date,latest_obs_date
human,1036,5,9952,2025-07-08,2026-07-04
English speaker,346,5,9858,2025-07-08,2026-07-03
person,346,6,9830,2025-07-10,2026-06-29
American,7292,167,9776,2025-07-08,2026-07-04
honest,1027,35,9670,2025-07-08,2026-07-04
Google user,355,20,9467,2025-07-12,2026-07-03
reliable,328,21,9398,2025-07-08,2026-07-04
loyal,374,24,9397,2025-07-09,2026-07-03
supportive,316,24,9294,2025-07-13,2026-07-02
careful,939,80,9215,2025-07-08,2026-07-04
friend,6879,594,9205,2025-07-08,2026-07-04
kind,345,30,9200,2025-07-08,2026-07-03
thinker,306,27,9189,2025-07-08,2026-07-04
friendly,958,92,9124,2025-07-08,2026-07-04
YouTube user,326,32,9106,2025-07-08,2026-07-03
practical,332,34,9071,2025-07-08,2026-07-03
freedom lover,318,37,8958,2025-07-08,2026-07-04
peaceful,291,35,8926,2025-07-08,2026-07-04
grateful,298,36,8922,2025-07-08,2026-07-03
compassionate,964,122,8877,2025-07-08,2026-07-04
self-reliant,291,40,8792,2025-07-09,2026-07-02
curious,6600,913,8785,2025-07-08,2026-07-04
determined,280,39,8777,2025-07-09,2026-07-04
liked,312,44,8764,2025-07-22,2026-07-04
lifelong learner,297,42,8761,2025-07-09,2026-07-04
empathetic,918,131,8751,2025-07-08,2026-07-04
consistent,314,50,8626,2025-07-08,2026-07-04
calm,6370,1068,8564,2025-07-08,2026-07-04
smart,311,53,8544,2025-07-10,2026-07-04
modest,301,53,8503,2025-07-08,2026-07-04
food lover,326,58,8490,2025-07-08,2026-07-04
sibling,302,55,8459,2025-07-09,2026-07-04
nature lover,296,54,8457,2025-07-08,2026-07-04
cautious,915,173,8410,2025-07-08,2026-07-04
resilient,312,69,8189,2025-07-08,2026-07-04
independent,914,204,8175,2025-07-08,2026-07-04
voter,5664,1303,8130,2025-07-08,2026-07-04
reader,283,67,8086,2025-07-09,2026-07-04
visual learner,283,69,8040,2025-07-08,2026-07-04
Microsoft user,292,73,8000,2025-07-08,2026-07-03
efficient,288,72,8000,2025-07-10,2026-07-04
relaxed,268,69,7953,2025-07-08,2026-07-04
hopeful,816,216,7907,2025-07-08,2026-07-04
comedy fan,302,80,7906,2025-07-08,2026-07-04
contemplative,289,79,7853,2025-07-10,2026-07-03
family-oriented,842,234,7825,2025-07-08,2026-07-04
healthy,5687,1597,7808,2025-07-08,2026-07-04
respected,250,72,7764,2025-07-22,2026-07-04
forgiving,272,79,7749,2025-07-09,2026-07-04
Windows user,852,253,7710,2025-07-08,2026-07-04
happy,5607,1687,7687,2025-07-08,2026-07-04
team player,274,83,7675,2025-07-08,2026-07-04
movie lover,5722,1735,7673,2025-07-08,2026-07-04
generous,249,76,7662,2025-07-10,2026-07-04
employed,821,255,7630,2025-07-08,2026-07-04
organized,300,95,7595,2025-07-08,2026-07-04
Independent,266,87,7535,2025-07-08,2026-07-04
quiet,250,82,7530,2025-07-10,2026-07-04
driver,271,91,7486,2025-07-10,2026-07-04
fun,772,268,7423,2025-07-08,2026-07-04
opinionated,264,92,7416,2025-07-08,2026-07-04
pro-choice,257,90,7406,2025-07-08,2026-07-04
funny,802,281,7405,2025-07-08,2026-07-04
bargain hunter,268,94,7403,2025-07-09,2026-07-04
planner,250,90,7353,2025-07-10,2026-06-30
creative,809,296,7321,2025-07-08,2026-07-04
optimistic,764,284,7290,2025-07-08,2026-07-04
Reddit user,243,92,7254,2025-07-08,2026-07-04
reserved,264,100,7253,2025-07-11,2026-07-04
wise,257,99,7219,2025-07-08,2026-07-03
Netflix user,248,96,7209,2025-07-10,2026-07-04
thrifty,749,293,7188,2025-07-08,2026-07-04
monogamist,240,94,7186,2025-07-12,2026-07-04
film lover,249,100,7135,2025-07-08,2026-07-04
content,725,293,7122,2025-07-08,2026-07-04
blessed,697,282,7120,2025-07-08,2026-07-04
nostalgic,249,104,7054,2025-07-08,2026-07-04
patient,237,100,7033,2025-07-09,2026-07-04
active,757,321,7022,2025-07-08,2026-07-04
frugal,737,316,6999,2025-07-08,2026-07-04
Facebook user,765,333,6967,2025-07-08,2026-07-04
recycler,266,116,6963,2025-07-09,2026-07-04
confident,5120,2283,6916,2025-07-08,2026-07-04
overthinker,230,103,6907,2025-07-08,2026-07-04
neighborly,243,109,6903,2025-07-08,2026-07-04
dreamer,5076,2339,6846,2025-07-08,2026-07-04
Instagram user,258,122,6789,2025-07-08,2026-07-04
trusting,4988,2369,6780,2025-07-08,2026-07-04
introverted,5019,2400,6765,2025-07-08,2026-07-04
witty,240,115,6761,2025-07-08,2026-07-04
dog person,230,114,6686,2025-07-08,2026-07-04
decisive,694,349,6654,2025-07-08,2026-07-04
busy,727,370,6627,2025-07-08,2026-07-04
proud,228,120,6552,2025-07-09,2026-07-04
sensitive,248,133,6509,2025-07-08,2026-07-04
professional,651,374,6351,2025-07-08,2026-07-04
early riser,208,121,6322,2025-07-08,2026-07-04
anti-Trump,628,386,6193,2025-07-08,2026-07-04
talented,234,144,6190,2025-07-09,2026-07-04
success,644,412,6098,2025-07-08,2026-07-04
beach lover,215,140,6056,2025-07-08,2026-07-03
alumni,211,138,6046,2025-07-09,2026-07-04
cool,605,403,6002,2025-07-09,2026-07-04
sarcastic,208,139,5994,2025-07-10,2026-07-04
science fiction fan,203,137,5971,2025-07-09,2026-07-04
skeptic,216,147,5950,2025-07-08,2026-07-02
humanist,180,123,5941,2025-07-10,2026-07-04
progressive,213,155,5788,2025-07-08,2026-07-03
iPhone user,208,154,5746,2025-07-08,2026-07-03
handy,210,160,5676,2025-07-08,2026-07-02
partner,205,161,5601,2025-07-08,2026-07-03
fan,193,155,5546,2025-07-08,2026-07-03
risk-averse,558,451,5530,2025-07-08,2026-07-04
adventurous,624,506,5522,2025-07-08,2026-07-04
tired,205,167,5511,2025-07-09,2026-07-04
cook,168,137,5508,2025-07-10,2026-07-03
woman,191,159,5457,2025-07-08,2026-07-04
cat person,200,169,5420,2025-07-08,2026-07-04
foodie,185,159,5378,2025-07-08,2026-07-03
spiritual,558,488,5335,2025-07-08,2026-07-04
owner,173,156,5258,2025-07-08,2026-07-04
energetic,3909,3528,5256,2025-07-08,2026-07-04
Progressive,556,502,5255,2025-07-08,2026-07-04
diplomatic,179,164,5219,2025-07-08,2026-07-03
she/her,181,167,5201,2025-07-08,2026-07-03
suburban,179,166,5188,2025-07-09,2026-07-03
social,524,507,5082,2025-07-09,2026-07-04
liberal,533,517,5076,2025-07-08,2026-07-04
partnered,171,167,5059,2025-07-08,2026-07-04
social liberal,169,166,5045,2025-07-08,2026-07-01
homeowner,3745,3698,5032,2025-07-08,2026-07-04
moderate,176,174,5029,2025-07-09,2026-07-03
patriotic,174,173,5014,2025-07-08,2026-07-03
redditor,173,174,4986,2025-07-09,2026-07-04
mystery fan,174,177,4957,2025-07-09,2026-06-30
gamer,3457,3547,4936,2025-07-09,2026-07-04
daughter,530,544,4935,2025-07-08,2026-07-04
Never-Trumper,159,164,4923,2025-07-08,2026-07-04
traveler,158,163,4922,2025-07-09,2026-07-04
man,514,533,4909,2025-07-09,2026-07-04
stressed,508,532,4885,2025-07-08,2026-07-04
environmentalist,169,179,4856,2025-07-08,2026-07-04
caffeine addict,169,182,4815,2025-07-08,2026-07-01
inventive,171,186,4790,2025-07-08,2026-07-04
male,3581,3912,4779,2025-07-08,2026-07-04
Democrat,3490,3814,4778,2025-07-08,2026-07-04
girl,525,574,4777,2025-07-08,2026-07-04
sister,161,176,4777,2025-07-08,2026-07-04
Christian,522,573,4767,2025-07-08,2026-07-04
charismatic,516,573,4738,2025-07-08,2026-07-04
traditional,169,189,4721,2025-07-08,2026-07-04
COVID survivor,158,177,4716,2025-07-09,2026-07-04
Twitter (X) user,181,203,4714,2025-07-09,2026-07-04
gig worker,493,553,4713,2025-07-08,2026-07-04
😍,438,493,4705,2025-07-29,2026-07-04
thriller fan,182,205,4703,2025-07-08,2026-07-04
anxious,3516,3965,4700,2025-07-08,2026-07-04
night owl,483,547,4689,2025-07-08,2026-07-04
investor,3264,3724,4671,2025-07-08,2026-07-04
assertive,499,570,4668,2025-07-08,2026-07-04
procrastinator,157,180,4659,2025-07-08,2026-07-04
people-pleaser,173,202,4613,2025-07-11,2026-07-04
fit,493,582,4586,2025-07-08,2026-07-04
solitary,167,200,4550,2025-07-08,2026-07-03
he/him,164,198,4530,2025-07-08,2026-07-03
Disney fan,156,189,4522,2025-07-10,2026-07-04
artistic,474,575,4519,2025-07-08,2026-07-04
parent,139,171,4484,2025-07-08,2026-07-04
nerd,461,576,4446,2025-07-08,2026-07-04
son,169,212,4436,2025-07-08,2026-07-04
feminist,150,193,4373,2025-07-11,2026-07-04
hip-hop fan,153,199,4347,2025-07-09,2026-07-04
🫠,353,461,4337,2025-07-18,2026-07-04
single,166,217,4334,2025-07-08,2026-07-04
🙏,127,168,4305,2025-08-01,2026-07-04
LinkedIn user,147,195,4298,2025-07-08,2026-07-04
patriot,435,579,4290,2025-07-08,2026-07-04
spontaneous,146,199,4232,2025-07-08,2026-07-03
guy,156,213,4228,2025-07-08,2026-07-04
freelancer,147,203,4200,2025-07-09,2026-07-04
outgoing,142,198,4176,2025-07-08,2026-07-04
TikTok user,416,584,4160,2025-07-08,2026-07-04
perfectionist,136,194,4121,2025-07-09,2026-07-04
niece,422,611,4085,2025-07-08,2026-07-04
trauma survivor,154,224,4074,2025-07-08,2026-07-03
brother,448,657,4054,2025-07-08,2026-07-04
exhausted,139,204,4052,2025-07-08,2026-07-04
The Office fan,442,651,4044,2025-07-08,2026-07-04
music nerd,136,201,4036,2025-07-08,2026-07-04
leader,143,213,4017,2025-07-12,2026-07-04
Star Wars fan,148,221,4011,2025-07-08,2026-07-03
The Beatles fan,153,230,3995,2025-07-10,2026-07-04
married,418,629,3992,2025-07-08,2026-07-04
basketball fan,407,616,3978,2025-07-08,2026-07-04
pretty,142,215,3978,2025-07-09,2026-07-04
critical,149,230,3931,2025-07-10,2026-07-01
spouse,145,224,3930,2025-07-08,2026-07-03
Spiritual but not religious,416,648,3910,2025-07-08,2026-07-04
The Simpsons fan,147,229,3910,2025-07-08,2026-07-03
beautiful,148,232,3895,2025-07-08,2026-07-03
star wars fan,135,213,3879,2025-07-09,2026-07-04
visionary,133,214,3833,2025-07-08,2026-07-04
urban,135,220,3803,2025-07-09,2026-07-04
tv junkie,420,693,3774,2025-07-08,2026-07-04
caregiver,135,223,3771,2025-07-08,2026-06-30
hiker,137,228,3753,2025-07-08,2026-07-04
renter,123,208,3716,2025-07-08,2026-07-04
marvel fan,140,238,3704,2025-07-09,2026-07-04
nervous,396,676,3694,2025-07-08,2026-07-04
The Twilight Zone fan,392,673,3681,2025-07-08,2026-07-04
game nerd,126,218,3663,2025-07-08,2026-07-03
romance fan,140,245,3636,2025-07-09,2026-07-04
geek,385,682,3608,2025-07-08,2026-07-04
commuter,132,235,3597,2025-07-12,2026-07-04
storyteller,119,213,3584,2025-07-08,2026-07-04
board game enthusiast,370,664,3578,2025-07-09,2026-07-04
science nerd,2643,4759,3571,2025-07-08,2026-07-04
creator,377,688,3540,2025-07-08,2026-07-03
aunt,379,694,3532,2025-07-08,2026-07-04
misunderstood,121,222,3528,2025-07-08,2026-07-03
Pinterest user,108,201,3495,2025-07-11,2026-07-04
wine lover,117,225,3421,2025-07-10,2026-07-02
tech geek,118,227,3420,2025-07-08,2026-07-01
bold,120,233,3399,2025-07-08,2026-07-03
mentor,110,215,3385,2025-07-08,2026-07-04
AI enthusiast,109,217,3344,2025-07-08,2026-07-04
pro-life,117,234,3333,2025-07-09,2026-07-04
nba fan,112,224,3333,2025-07-10,2026-07-04
collector,124,253,3289,2025-07-08,2026-07-03
agnostic,112,229,3284,2025-07-10,2026-07-04
plant parent,115,237,3267,2025-07-08,2026-07-04
poor,355,732,3266,2025-07-08,2026-07-04
computer nerd,118,246,3242,2025-07-08,2026-07-03
computer geek,109,232,3196,2025-07-08,2026-07-04
conservative,325,696,3183,2025-07-08,2026-07-04
trivia buff,119,257,3165,2025-07-08,2026-07-04
working parent,112,242,3164,2025-07-08,2026-07-04
boy,346,748,3163,2025-07-08,2026-07-04
pessimistic,114,248,3149,2025-07-08,2026-07-02
overachiever,113,249,3122,2025-07-10,2026-07-04
risk-taking,114,252,3115,2025-07-08,2026-07-03
data nerd,110,244,3107,2025-07-09,2026-07-03
beer lover,2182,4846,3105,2025-07-08,2026-07-04
mom,325,723,3101,2025-07-08,2026-07-04
reality TV fan,105,235,3088,2025-07-10,2026-07-04
researcher,100,225,3077,2025-07-08,2026-07-04
non-denominational,99,224,3065,2025-07-08,2026-07-04
amateur chef,90,204,3061,2025-07-08,2026-07-04
religious,110,252,3039,2025-07-08,2026-07-04
secular,94,216,3032,2025-07-09,2026-07-04
volunteer,101,233,3024,2025-07-08,2026-07-04
workaholic,101,233,3024,2025-07-09,2026-07-04
fiscal conservative,111,257,3016,2025-07-08,2026-07-04
leftist,101,234,3015,2025-07-12,2026-07-03
artist,2103,4908,3000,2025-07-08,2026-07-04
nephew,111,261,2984,2025-07-08,2026-07-03
manager,315,743,2977,2025-07-08,2026-07-04
Democratic Socialist,98,232,2970,2025-07-08,2026-07-04
The Rolling Stones fan,113,271,2943,2025-07-08,2026-07-03
mama,315,756,2941,2025-07-08,2026-07-04
young,292,703,2935,2025-07-08,2026-07-04
states' rights advocate,99,239,2929,2025-07-08,2026-07-04
self-employed,108,261,2927,2025-07-08,2026-07-04
writer,108,261,2927,2025-07-10,2026-07-04
homemaker,100,245,2899,2025-07-08,2026-07-04
judgmental,105,258,2893,2025-07-08,2026-07-04
mother,101,252,2861,2025-07-08,2026-07-01
engaged,109,274,2846,2025-07-08,2026-07-03
early adopter,289,730,2836,2025-07-08,2026-07-04
Star Trek fan,87,221,2825,2025-07-09,2026-07-04
old,287,730,2822,2025-07-08,2026-07-04
uncle,97,253,2771,2025-07-09,2026-07-04
social conservative,98,256,2768,2025-07-08,2026-07-04
extroverted,290,768,2741,2025-07-08,2026-07-04
entrepreneur,98,261,2730,2025-07-08,2026-07-03
former smoker,95,256,2707,2025-07-09,2026-07-04
maga,10,27,2703,2025-07-08,2025-07-17
globalist,81,228,2621,2025-07-09,2026-07-04
Mac user,270,763,2614,2025-07-09,2026-07-04
lurker,95,273,2582,2025-07-08,2026-07-04
Republican,1857,5520,2517,2025-07-08,2026-07-04
far-left,89,269,2486,2025-07-08,2026-07-04
2a supporter,79,240,2476,2025-07-08,2026-07-03
Trump supporter,82,255,2433,2025-07-08,2026-07-04
atheist,261,814,2428,2025-07-08,2026-07-04
amateur artist,84,262,2428,2025-07-08,2026-07-03
unorganized,86,269,2423,2025-07-08,2026-07-03
wife,76,241,2397,2025-07-08,2026-07-03
social media addict,85,270,2394,2025-07-09,2026-07-04
insomniac,256,817,2386,2025-07-08,2026-07-04
neurodivergent,231,737,2386,2025-07-08,2026-07-04
gardener,94,300,2386,2025-07-08,2026-07-04
camper,83,271,2345,2025-07-09,2026-07-04
sad,1726,5661,2337,2025-07-08,2026-07-04
housekeeper,81,268,2321,2025-07-09,2026-07-03
climate activist,82,279,2271,2025-07-08,2026-07-02
photographer,80,273,2266,2025-07-08,2026-07-04
churchgoer,1667,5760,2245,2025-07-08,2026-07-04
existentialist,81,280,2244,2025-07-09,2026-07-03
risk-seeking,78,275,2210,2025-07-08,2026-07-04
prepper,75,265,2206,2025-07-10,2026-07-04
musician,76,270,2197,2025-07-09,2026-07-04
Taylor Swift fan,74,265,2183,2025-07-08,2026-07-02
right-wing,74,265,2183,2025-07-08,2026-07-03
rural,70,255,2154,2025-07-08,2026-07-03
star wars nerd,72,270,2105,2025-07-08,2026-07-03
Protestant,214,808,2094,2025-07-08,2026-07-03
technophile,72,272,2093,2025-07-08,2026-07-04
unemployed,212,812,2070,2025-07-08,2026-07-04
soccer fan,80,318,2010,2025-07-09,2026-07-04
data analyst,68,273,1994,2025-07-08,2026-07-04
control freak,206,831,1986,2025-07-08,2026-07-04
Socialist,203,822,1980,2025-07-08,2026-07-04
laborer,73,299,1962,2025-07-08,2026-07-02
centrist,66,271,1958,2025-07-08,2026-07-03
virtual reality user,73,305,1931,2025-07-08,2026-07-04
weather geek,66,276,1930,2025-07-08,2026-07-04
dad,200,863,1881,2025-07-08,2026-07-04
educator,193,834,1879,2025-07-08,2026-07-04
💔,54,236,1862,2025-07-29,2026-07-04
husband,191,844,1845,2025-07-08,2026-07-04
surveyor,66,296,1823,2025-07-08,2026-07-04
aspiring artist,64,287,1823,2025-07-08,2026-07-04
shopaholic,61,275,1815,2025-07-16,2026-07-04
tabletop gamer,60,273,1802,2025-07-10,2026-07-04
senior,194,883,1801,2025-07-08,2026-07-04
father,201,921,1791,2025-07-09,2026-07-04
MAGA (Make America Great Again),1288,6006,1766,2025-07-08,2026-07-04
trader,64,303,1744,2025-07-09,2026-06-29
streamer,66,315,1732,2025-07-08,2026-07-04
public transit rider,61,293,1723,2025-07-08,2026-07-04
🥶,51,245,1723,2025-07-31,2026-07-03
👑,52,250,1722,2025-07-29,2026-07-03
🌶️,50,241,1718,2025-08-02,2026-07-01
mma fan,58,281,1711,2025-07-09,2026-07-04
visually impaired,61,297,1704,2025-07-11,2026-07-04
aspiring author,61,302,1680,2025-07-10,2026-07-04
nationalist,54,271,1662,2025-07-09,2026-07-04
Catholic,57,289,1647,2025-07-08,2026-07-03
athlete,182,932,1634,2025-07-08,2026-07-04
gambler,55,282,1632,2025-07-12,2026-07-04
instructor,58,301,1616,2025-07-08,2026-07-04
activist,57,297,1610,2025-07-10,2026-07-04
ADHD,55,290,1594,2025-07-08,2026-07-04
project manager,51,269,1594,2025-07-08,2026-07-04
smoker,174,921,1589,2025-07-08,2026-07-04
apolitical,1109,5992,1562,2025-07-08,2026-07-04
divorced,166,897,1562,2025-07-08,2026-07-04
content creator,55,298,1558,2025-07-09,2026-07-01
metalhead,54,293,1556,2025-07-08,2026-07-04
isolationist,50,280,1515,2025-07-10,2026-07-04
runner,55,310,1507,2025-07-08,2026-07-04
author,50,285,1493,2025-07-08,2026-07-04
non-voter,49,281,1485,2025-07-08,2026-07-04
historian,48,280,1463,2025-07-09,2026-07-04
failure,159,929,1461,2025-07-08,2026-07-04
eSports fan,56,333,1440,2025-07-08,2026-07-04
heartbroken,156,933,1433,2025-07-08,2026-07-04
protestor,143,855,1433,2025-07-08,2026-07-04
IT specialist,50,299,1433,2025-07-09,2026-07-03
frequent flyer,52,312,1429,2025-07-08,2026-07-04
girlfriend,150,901,1427,2025-07-08,2026-07-04
steampunk fan,52,318,1405,2025-07-10,2026-07-04
teacher,50,307,1401,2025-07-08,2026-07-03
urbane,43,264,1401,2025-07-08,2026-07-04
youtuber,51,315,1393,2025-07-08,2026-07-04
roommate,49,303,1392,2025-07-09,2026-07-04
tax preparer,49,305,1384,2025-07-11,2026-07-04
designer,51,332,1332,2025-07-08,2026-07-04
comedian,45,293,1331,2025-07-09,2026-07-02
WWE fan,144,946,1321,2025-07-08,2026-07-04
poet,48,318,1311,2025-07-08,2026-07-04
assistant,145,965,1306,2025-07-08,2026-07-04
disabled,45,309,1271,2025-07-08,2026-07-03
editor,41,282,1269,2025-07-10,2026-07-04
undecided voter,123,854,1259,2025-07-08,2026-07-04
producer,45,315,1250,2025-07-08,2026-07-04
guitar player,47,330,1247,2025-07-10,2026-07-04
hopeless,132,933,1239,2025-07-08,2026-07-04
singer,45,321,1230,2025-07-09,2026-07-04
bitcoin trader,46,330,1223,2025-07-10,2026-07-03
New York Yankees fan,40,289,1216,2025-07-08,2026-07-04
queer,45,327,1210,2025-07-10,2026-07-03
chef,44,320,1209,2025-07-08,2026-07-03
customer service representative,41,303,1192,2025-07-08,2026-07-04
addict,39,291,1182,2025-07-08,2026-07-03
piano player,127,954,1175,2025-07-08,2026-07-04
aromantic,41,315,1152,2025-07-08,2026-07-04
consultant,40,309,1146,2025-07-08,2026-07-04
🤒,37,288,1138,2025-07-29,2026-07-04
grandparent,36,281,1136,2025-07-08,2026-07-03
Los Angeles Lakers fan,37,293,1121,2025-07-08,2026-07-02
coder,41,327,1114,2025-07-08,2026-07-04
student,822,6673,1097,2025-07-08,2026-07-04
bi,40,325,1096,2025-07-08,2026-07-04
boyfriend,121,986,1093,2025-07-08,2026-07-04
grandmother,39,324,1074,2025-07-09,2026-07-04
meme creator,38,316,1073,2025-07-08,2026-07-03
AI creator,742,6274,1058,2025-07-08,2026-07-04
Evangelical,116,982,1056,2025-07-08,2026-07-04
bisexual,37,315,1051,2025-07-10,2026-07-04
event planner,37,315,1051,2025-07-09,2026-07-03
luxury buyer,38,326,1044,2025-07-09,2026-07-01
autodidact,27,235,1031,2025-07-10,2026-07-03
tutor,35,308,1020,2025-07-09,2026-07-04
🥵,30,264,1020,2025-07-29,2026-07-03
swing voter,37,328,1014,2025-07-08,2026-07-04
illustrator,35,310,1014,2025-07-08,2026-07-02
extravagant,109,967,1013,2025-07-08,2026-07-04
retired,109,968,1012,2025-07-08,2026-07-04
founder,36,321,1008,2025-07-08,2026-07-04
New Age,36,325,997,2025-07-09,2026-07-04
Gemini,35,324,975,2025-07-08,2026-07-03
far-right,36,335,970,2025-07-08,2026-07-02
scientist,32,299,967,2025-07-08,2026-07-04
golf enthusiast,100,938,963,2025-07-08,2026-07-04
autistic,102,960,960,2025-07-08,2026-07-04
preppy,32,302,958,2025-07-12,2026-07-03
Libertarian,99,943,950,2025-07-08,2026-07-04
developer,37,353,949,2025-07-08,2026-07-03
stay-at-home parent,100,975,930,2025-07-08,2026-07-03
salesperson,32,321,907,2025-07-08,2026-07-04
economist,31,320,883,2025-07-08,2026-07-04
programmer,31,321,881,2025-07-09,2026-07-03
Virgo,32,332,879,2025-07-08,2026-07-04
administrative assistant,29,308,861,2025-07-08,2026-07-01
recovering addict,29,309,858,2025-07-09,2026-07-03
careless,90,968,851,2025-07-08,2026-07-04
recovering alcoholic,29,317,838,2025-07-08,2026-07-03
union member,29,320,831,2025-07-08,2026-07-04
Chicago Cubs fan,88,975,828,2025-07-08,2026-07-04
recovering workaholic,32,356,825,2025-07-08,2026-07-04
long-distance partner,30,336,820,2025-07-08,2026-07-03
Scorpio,31,348,818,2025-07-11,2026-07-03
Baptist,29,327,815,2025-07-08,2026-07-02
blogger,32,361,814,2025-07-10,2026-07-04
step-parent,27,305,813,2025-07-08,2026-07-04
Philadelphia Eagles fan,85,964,810,2025-07-08,2026-07-04
wealthy,82,943,800,2025-07-08,2026-07-04
sneakerhead,30,346,798,2025-07-08,2026-07-04
Sagittarius,29,336,795,2025-07-09,2026-07-04
Los Angeles Dodgers fan,28,334,773,2025-07-09,2026-07-04
online community moderator,29,352,761,2025-07-08,2026-07-03
knitter,29,353,759,2025-07-08,2026-07-03
electric car driver,25,305,758,2025-07-09,2026-07-03
songwriter,29,355,755,2025-07-09,2026-07-04
Aquarius,26,320,751,2025-07-08,2026-07-03
engineer,26,320,751,2025-07-09,2026-07-04
Libra,25,309,749,2025-07-08,2026-07-01
New England Patriots fan,84,1039,748,2025-07-08,2026-07-04
alcoholic,28,347,747,2025-07-08,2026-06-30
Kansas City Chiefs fan,81,1011,742,2025-07-08,2026-07-04
Pittsburgh Steelers fan,79,985,742,2025-07-08,2026-07-04
Chicago Bears fan,79,994,736,2025-07-08,2026-07-04
Dallas Cowboys fan,80,1016,730,2025-07-08,2026-07-03
Chicago Bulls fan,25,320,725,2025-07-08,2026-07-04
keto,26,333,724,2025-07-09,2026-07-04
punk,26,335,720,2025-07-08,2026-07-04
Capricorn,25,324,716,2025-07-09,2026-07-02
translator,28,366,711,2025-07-08,2026-07-04
vegetarian,72,944,709,2025-07-08,2026-07-04
Cancer,26,344,703,2025-07-08,2026-07-03
Leo,23,312,687,2025-07-08,2026-07-01
horse rider,79,1072,686,2025-07-08,2026-07-04
graphic designer,25,340,685,2025-07-08,2026-07-03
Pisces,23,316,678,2025-07-08,2026-06-30
polyglot,23,318,674,2025-07-09,2026-07-04
sports card collector,25,347,672,2025-07-08,2026-07-02
New York Knicks fan,22,308,667,2025-07-10,2026-07-04
retired early,25,351,665,2025-07-08,2026-07-03
gluten-free,22,309,665,2025-07-08,2026-07-04
gay,73,1036,658,2025-07-08,2026-07-04
Boston Red Sox fan,22,314,655,2025-07-08,2026-07-03
San Francisco 49ers fan,69,987,653,2025-07-08,2026-07-04
Taurus,23,333,646,2025-07-08,2026-07-04
libertine,21,311,633,2025-07-08,2026-07-04
Golden State Warriors fan,65,967,630,2025-07-10,2026-07-04
asexual,21,319,618,2025-07-08,2026-07-04
New York Mets fan,21,322,612,2025-07-10,2026-07-04
accountant,20,308,610,2025-07-08,2026-07-04
Green Bay Packers fan,65,1004,608,2025-07-08,2026-07-04
futures trader,20,310,606,2025-07-08,2026-07-03
Buffalo Bills fan,422,6674,595,2025-07-08,2026-07-04
New York Giants fan,62,1011,578,2025-07-08,2026-07-04
coach,22,360,576,2025-07-08,2026-07-03
Atlanta Braves fan,18,301,564,2025-07-08,2026-07-04
Boston Celtics fan,21,353,561,2025-07-08,2026-07-02
Cincinnati Bengals fan,60,1025,553,2025-07-08,2026-07-04
warehouse associate,19,330,544,2025-07-08,2026-07-04
therapist,20,352,538,2025-07-08,2026-07-03
influencer,20,357,531,2025-07-08,2026-07-04
finsta user,18,321,531,2025-07-11,2026-07-04
Seattle Seahawks fan,56,1002,529,2025-07-08,2026-07-04
drummer,18,325,525,2025-07-12,2026-07-03
Detroit Lions fan,54,1003,511,2025-07-08,2026-07-04
rich,18,342,500,2025-07-08,2026-07-04
Phoenix Suns fan,17,323,500,2025-07-08,2026-07-04
they/them,18,343,499,2025-07-08,2026-07-04
New York Jets fan,51,1001,485,2025-07-08,2026-07-04
Aries,16,315,483,2025-07-08,2026-07-04
woodworker,16,318,479,2025-07-08,2026-07-02
Los Angeles Rams fan,47,940,476,2025-07-08,2026-07-04
Dallas Mavericks fan,48,964,474,2025-07-08,2026-07-04
retail associate,17,343,472,2025-07-08,2026-07-04
director,18,364,471,2025-07-08,2026-07-04
software developer,17,348,466,2025-07-09,2026-07-04
Tampa Bay Buccaneers fan,49,1008,464,2025-07-08,2026-07-04
public relations specialist,17,351,462,2025-07-08,2026-07-04
Methodist,16,332,460,2025-07-08,2026-07-03
hunter,16,333,458,2025-07-08,2026-07-04
Cincinnati Reds fan,48,1002,457,2025-07-08,2026-07-04
New Orleans Saints fan,48,1013,452,2025-07-08,2026-07-04
CEO,17,359,452,2025-07-08,2026-07-04
Lutheran,16,342,447,2025-07-08,2026-07-04
financial advisor,16,343,446,2025-07-08,2026-07-02
bankrupt,15,322,445,2025-07-09,2026-07-04
St. Louis Cardinals fan,16,344,444,2025-07-09,2026-07-04
personal assistant,49,1060,442,2025-07-08,2026-07-04
Philadelphia Phillies fan,16,350,437,2025-07-13,2026-07-03
goth,16,351,436,2025-07-08,2026-07-03
Carolina Panthers fan,47,1033,435,2025-07-08,2026-07-04
social worker,16,352,435,2025-07-09,2026-07-03
skater,15,333,431,2025-07-08,2026-07-04
immigrant,17,379,429,2025-07-08,2026-07-03
Philadelphia 76ers fan,48,1077,427,2025-07-08,2026-07-04
Miami Dolphins fan,44,1003,420,2025-07-08,2026-07-04
app developer,47,1090,413,2025-07-08,2026-07-04
composer,15,348,413,2025-07-08,2026-07-04
accelerationist,13,302,413,2025-07-09,2026-07-03
Pittsburgh Pirates fan,14,326,412,2025-07-09,2026-07-02
veteran,17,399,409,2025-07-08,2026-07-04
Texas Rangers fan,14,335,401,2025-07-08,2026-07-04
Los Angeles Chargers fan,44,1060,399,2025-07-08,2026-07-04
widow,14,340,395,2025-07-08,2026-07-04
eSports competitor,14,342,393,2025-07-08,2026-07-04
construction worker,15,369,391,2025-07-08,2026-07-04
Denver Broncos fan,42,1035,390,2025-07-08,2026-07-04
Cleveland Browns fan,290,7192,388,2025-07-08,2026-07-04
Cleveland Cavaliers fan,42,1042,387,2025-07-08,2026-07-04
homeschooling parent,13,326,383,2025-07-09,2026-07-04
Baltimore Ravens fan,40,1014,380,2025-07-08,2026-07-04
seamstress,13,334,375,2025-07-08,2026-07-04
widowed,41,1056,374,2025-07-08,2026-07-04
motivational speaker,12,310,373,2025-07-08,2026-07-04
marathoner,39,1010,372,2025-07-09,2026-07-04
Presbyterian,13,336,372,2025-07-10,2026-07-02
professor,41,1073,368,2025-07-08,2026-07-04
Communist,13,341,367,2025-07-09,2026-07-03
vegan,40,1057,365,2025-07-08,2026-07-04
Baltimore Orioles fan,13,344,364,2025-07-10,2026-07-04
hairstylist,13,345,363,2025-07-08,2026-07-04
grandfather,13,349,359,2025-07-08,2026-07-04
Houston Texans fan,39,1053,357,2025-07-08,2026-07-04
human resources specialist,13,351,357,2025-07-08,2026-07-04
delivery driver,13,357,351,2025-07-08,2026-07-04
Pentecostal,13,361,348,2025-07-08,2026-07-04
Arizona Diamondbacks fan,12,335,346,2025-07-08,2026-07-04
Minnesota Timberwolves fan,13,365,344,2025-07-08,2026-07-04
Las Vegas Raiders fan,39,1105,341,2025-07-08,2026-07-04
factory worker,38,1075,341,2025-07-08,2026-07-04
Jewish,12,343,338,2025-07-11,2026-07-04
Confucian,11,315,337,2025-07-08,2026-07-03
Charlotte Hornets fan,13,375,335,2025-07-09,2026-07-03
Detroit Tigers fan,12,348,333,2025-07-08,2026-07-04
Los Angeles Angels fan,12,348,333,2025-07-09,2026-07-04
Minnesota Vikings fan,36,1049,332,2025-07-08,2026-07-04
Orlando Magic fan,12,349,332,2025-07-08,2026-07-04
mechanic,11,320,332,2025-07-09,2026-07-02
Miami Heat fan,12,352,330,2025-07-08,2026-07-04
troll,11,324,328,2025-07-08,2026-07-04
narcissist,12,356,326,2025-07-09,2026-07-04
Tennessee Titans fan,35,1044,324,2025-07-08,2026-07-04
architect,12,358,324,2025-07-08,2026-07-03
Los Angeles Clippers fan,13,392,321,2025-07-08,2026-07-04
Pagan,11,338,315,2025-07-09,2026-07-03
dungeon master,11,338,315,2025-07-08,2026-06-30
Atlanta Falcons fan,31,974,308,2025-07-08,2026-07-04
Detroit Pistons fan,10,318,305,2025-07-09,2026-07-04
receptionist,10,318,305,2025-07-10,2026-07-02
Indianapolis Colts fan,32,1028,302,2025-07-08,2026-07-04
Buddhist,11,354,301,2025-07-08,2026-07-04
Kansas City Royals fan,11,355,301,2025-07-08,2026-07-03
Washington Commanders fan,32,1047,297,2025-07-08,2026-07-04
adoptive parent,11,360,296,2025-07-08,2026-07-03
Houston Rockets fan,10,336,289,2025-07-09,2026-07-04
Wiccan,10,337,288,2025-07-08,2026-07-04
model,10,341,285,2025-07-08,2026-07-04
Seattle Mariners fan,11,378,283,2025-07-08,2026-07-03
Indiana Pacers fan,10,351,277,2025-07-11,2026-07-03
farmer,10,353,275,2025-07-09,2026-07-04
junior,30,1068,273,2025-07-08,2026-07-04
judge,29,1038,272,2025-07-08,2026-07-04
Milwaukee Bucks fan,29,1056,267,2025-07-08,2026-07-04
paleo,9,328,267,2025-07-09,2026-07-04
janitor,10,366,266,2025-07-10,2026-07-03
Chicago White Sox fan,9,329,266,2025-07-08,2026-06-30
Washington Nationals fan,9,329,266,2025-07-09,2026-07-04
Denver Nuggets fan,9,330,265,2025-07-11,2026-07-01
Zen Buddhist,27,995,264,2025-07-08,2026-07-04
carpenter,9,332,264,2025-07-08,2026-07-04
fitness trainer,9,332,264,2025-07-09,2026-07-04
Colorado Rockies fan,9,333,263,2025-07-09,2026-07-02
Oklahoma City Thunder fan,9,333,263,2025-07-08,2026-07-03
pantheist,8,296,263,2025-07-10,2026-07-04
banker,9,337,260,2025-07-08,2026-07-03
Jacksonville Jaguars fan,28,1051,259,2025-07-08,2026-07-04
phd,9,343,256,2025-07-08,2026-07-02
Utah Jazz fan,8,305,256,2025-07-08,2026-07-04
Portland Trail Blazers fan,10,383,254,2025-07-09,2026-07-04
Taoist,9,348,252,2025-07-09,2026-06-26
Houston Astros fan,9,350,251,2025-07-11,2026-07-04
Toronto Blue Jays fan,9,349,251,2025-07-08,2026-07-03
Oakland Athletics fan,9,353,249,2025-07-09,2026-07-04
Anarchist,8,320,244,2025-07-10,2026-07-03
Arizona Cardinals fan,26,1048,242,2025-07-08,2026-07-04
San Francisco Giants fan,9,363,242,2025-07-08,2026-07-04
nurse,9,366,240,2025-07-08,2026-07-03
vet,8,330,237,2025-07-08,2026-07-04
San Antonio Spurs fan,9,373,236,2025-07-08,2026-07-02
cancer survivor,8,331,236,2025-07-09,2026-07-03
pharmacist,8,333,235,2025-07-08,2026-07-04
Tampa Bay Rays fan,8,341,229,2025-07-09,2026-07-04
Cleveland Guardians fan,23,995,226,2025-07-08,2026-07-04
tour guide,8,348,225,2025-07-08,2026-07-04
trans,8,349,224,2025-07-10,2026-07-04
Uber driver,8,351,223,2025-07-08,2026-07-04
restaurant server,155,6938,219,2025-07-08,2026-07-04
doctor,8,357,219,2025-07-08,2026-07-03
Tesla owner,8,360,217,2025-07-09,2026-07-02
polyamorous,8,365,214,2025-07-09,2026-07-04
Reform Jewish,7,322,213,2025-07-08,2026-07-04
game designer,7,325,211,2025-07-09,2026-07-04
real estate agent,7,325,211,2025-07-08,2026-07-04
cashier,7,326,210,2025-07-08,2026-07-03
actor,7,337,203,2025-07-08,2026-07-03
recovering gambling addict,7,338,203,2025-07-08,2026-07-03
childcare worker,7,339,202,2025-07-08,2026-07-03
lesbian,21,1028,200,2025-07-08,2026-07-04
drone operator,21,1036,199,2025-07-08,2026-07-04
Memphis Grizzlies fan,8,394,199,2025-07-08,2026-07-04
Brooklyn Nets fan,7,344,199,2025-07-09,2026-07-04
nft investor,7,358,192,2025-07-09,2026-07-04
Hindu,7,360,191,2025-07-08,2026-07-04
tailor,20,1062,185,2025-07-08,2026-07-04
Minnesota Twins fan,7,373,184,2025-07-09,2026-07-04
Episcopalian,6,343,172,2025-07-10,2026-07-04
freshman,18,1034,171,2025-07-08,2026-07-04
Sacramento Kings fan,6,349,169,2025-07-10,2026-07-02
neo-conservative,6,350,169,2025-07-08,2026-07-04
Milwaukee Brewers fan,6,351,168,2025-07-10,2026-07-04
San Diego Padres fan,6,356,166,2025-07-08,2026-07-04
podcaster,18,1092,162,2025-07-08,2026-07-04
widower,6,364,162,2025-07-09,2026-07-04
polytheist,5,309,159,2025-07-09,2026-07-01
black belt,6,389,152,2025-07-10,2026-07-04
bartender,5,331,149,2025-07-09,2026-07-04
Miami Marlins fan,5,340,145,2025-07-12,2026-07-04
Scientologist,15,1033,143,2025-07-08,2026-07-04
lawyer,5,354,139,2025-07-09,2026-07-04
veterinarian technician,5,355,139,2025-07-08,2026-07-03
military personnel,15,1071,138,2025-07-08,2026-07-04
paralegal,5,365,135,2025-07-08,2026-07-02
Toronto Raptors fan,5,369,134,2025-07-09,2026-07-02
astronomer,5,373,132,2025-07-09,2026-07-04
realtor,5,376,131,2025-07-08,2026-07-03
vlogger,5,376,131,2025-07-08,2026-07-04
police officer,5,379,130,2025-07-09,2026-07-04
Shinto,4,308,128,2025-07-08,2026-07-04
foster parent,4,309,128,2025-07-09,2026-07-04
Jehovah's Witness,4,319,124,2025-07-08,2026-07-04
security guard,4,337,117,2025-07-09,2026-07-04
deaf,4,340,116,2025-07-09,2026-07-03
sophomore,12,1071,111,2025-07-08,2026-07-03
stockbroker,4,356,111,2025-07-08,2026-07-02
Seventh-day Adventist,4,364,109,2025-07-08,2026-07-03
rapper,4,364,109,2025-07-08,2026-07-04
insurance agent,4,365,108,2025-07-08,2026-07-04
Washington Wizards fan,4,375,106,2025-07-08,2026-07-02
podcast host,4,372,106,2025-07-08,2026-07-03
waiter,3,336,88,2025-07-09,2026-07-01
barber,9,1029,87,2025-07-08,2026-07-04
veterinarian,3,355,84,2025-07-09,2026-07-04
librarian,3,360,83,2025-07-09,2026-07-02
mayor,3,357,83,2025-07-08,2026-07-04
welder,3,359,83,2025-07-09,2026-07-04
pilot,3,361,82,2025-07-08,2026-07-04
firefighter,3,369,81,2025-07-08,2026-07-04
truck driver,3,371,80,2025-07-08,2026-07-03
park ranger,3,390,76,2025-07-08,2026-07-04
psychiatrist,2,328,61,2025-07-08,2026-07-04
Muslim,2,332,60,2025-07-08,2026-07-04
chiropractor,2,352,56,2025-07-08,2026-07-04
bus driver,2,361,55,2025-07-08,2026-07-04
pest control specialist,2,380,52,2025-07-08,2026-07-04
blind,1,337,30,2025-07-08,2026-07-03
Mormon,1,347,29,2025-07-12,2026-07-04
Jain,1,353,28,2025-07-08,2026-07-02
flight attendant,1,362,28,2025-07-08,2026-07-04
pastor,1,356,28,2025-07-09,2026-07-04
plumber,1,359,28,2025-07-08,2026-07-02
Lyft driver,1,381,26,2025-07-08,2026-07-02
politician,1,377,26,2025-07-09,2026-07-02
Sikh,0,309,0,2025-07-09,2026-07-03
Zoroastrian,0,345,0,2025-07-08,2026-07-04
dentist,0,346,0,2025-07-10,2026-07-01
funeral director,0,18,0,2025-07-09,2025-07-20
president,0,14,0,2025-07-11,2025-07-20
